City_ID,City,Lat,Lng,Max Temp,Humidity,Cloudiness,Wind Speed,Country,Date
0,margaret river,-33.95,115.0667,15.26,79,1,7.29,AU,1712501963
1,nar'yan-mar,67.6713,53.087,-5.5,88,94,6.26,RU,1712501997
2,ribeira grande,38.5167,-28.7,18.76,88,40,9.77,PT,1712501974
3,adamstown,-25.066,-130.1015,22.69,76,38,4.76,PN,1712501990
4,san antonio de pale,-1.4014,5.6325,29.05,75,79,4.28,GQ,1712501985
5,iskateley,67.6803,53.1512,-5.55,88,96,6.26,RU,1712502100
6,manokwari,-0.8667,134.0833,26.22,84,100,2.14,ID,1712502101
7,santa maria do suacui,-18.1903,-42.4142,23.63,70,91,1.74,BR,1712502101
8,rantepao,-2.9701,119.8978,20.45,99,100,0.88,ID,1712502101
9,udachny,66.4167,112.4,-9.75,94,100,7.61,RU,1712501964
10,constantia,44.1833,28.65,16.5,84,45,3.48,RO,1712502101
11,kenora,49.8167,-94.4337,6.54,36,20,4.63,CA,1712502102
12,waitangi,-43.9535,-176.5597,12.12,83,48,1.79,NZ,1712502102
13,albany,42.6001,-73.9662,8.1,63,69,2.24,US,1712502033
14,camarinas,43.1311,-9.1817,16.07,76,95,8.34,ES,1712502047
15,ushuaia,-54.8,-68.3,7.81,53,40,6.69,AR,1712502103
16,petropavlovsk-kamchatsky,53.0452,158.6483,0.25,73,0,5.81,RU,1712502103
17,invercargill,-46.4,168.35,10.01,91,76,1.79,NZ,1712501934
18,stanley,54.868,-1.6985,13.2,68,40,11.83,GB,1712502103
19,severo-yeniseyskiy,60.3725,93.0408,-12.92,94,98,2.66,RU,1712502103
20,ebon,4.582,168.6964,27.77,83,54,9.37,MH,1712502104
21,bethel,41.3712,-73.414,9.31,58,39,1.34,US,1712502104
22,mudgee,-32.5943,149.5871,12.57,85,42,1.2,AU,1712502104
23,aasiaat,68.7098,-52.8699,-5.11,73,100,0.68,GL,1712501973
24,polyarnyy,69.1989,33.4478,-4.24,83,100,3.38,RU,1712501995
25,akureyri,65.6835,-18.0878,-0.04,86,100,6.69,IS,1712502007
26,kaesong,37.9708,126.5544,10.94,48,91,0.81,KP,1712502105
27,longyearbyen,78.2186,15.6401,-18.09,71,0,2.57,SJ,1712501942
28,ilulissat,69.2167,-51.1,-5.75,82,100,0.8,GL,1712501973
29,port-aux-francais,-49.35,70.2167,5.28,68,100,6.58,TF,1712502007
30,avarua,-21.2078,-159.775,24.03,94,100,0.51,CK,1712501994
31,kimovsk,53.9716,38.5319,13.22,69,75,2.38,RU,1712501873
32,talnakh,69.4865,88.3972,-7.66,89,100,6.18,RU,1712502107
33,edinburgh of the seven seas,-37.0676,-12.3116,18.77,94,100,9.05,SH,1712502107
34,acarau,-2.8856,-40.12,28.33,77,100,0.96,BR,1712502066
35,touros,-5.1989,-35.4608,30.04,72,83,4.63,BR,1712502010
36,tuy hoa,13.0833,109.3,23.48,93,8,1.2,VN,1712502107
37,nova vicosa,-17.8919,-39.3719,28.07,58,100,3.86,BR,1712502108
38,mbanza kongo,-6.267,14.2401,27.33,72,79,2.19,AO,1712502108
39,thompson,55.7435,-97.8558,4.09,45,40,1.54,CA,1712501967
40,port elizabeth,-33.918,25.5701,17.95,92,99,7.15,ZA,1712502016
41,west island,-12.1568,96.8225,28.99,79,75,5.66,CC,1712502109
42,papao,-17.75,-149.55,25.82,80,100,4.34,PF,1712502109
43,puerto ayora,-0.7393,-90.3518,27.53,88,43,2.72,EC,1712502109
44,nur-sultan,51.1801,71.446,3.97,93,75,5.0,KZ,1712502017
45,happy valley-goose bay,53.3168,-60.3315,1.17,60,20,2.57,CA,1712502017
46,tiksi,71.6872,128.8694,-8.86,78,100,7.87,RU,1712501979
47,vilyuysk,63.7553,121.6247,-12.22,95,30,2.24,RU,1712502110
48,la passe,45.5549,-0.8967,20.13,93,100,7.22,FR,1712502110
49,puerto baquerizo moreno,-0.9,-89.6,26.55,83,20,5.14,EC,1712501963
50,kendari,-3.945,122.4989,25.09,95,99,0.97,ID,1712502111
51,puerto natales,-51.7236,-72.4875,9.25,46,40,9.77,CL,1712502111
52,blackmans bay,-43.0167,147.3167,12.51,94,84,1.34,AU,1712502007
53,taloda,21.5667,74.2167,33.79,15,0,5.87,IN,1712502112
54,hamilton,39.1834,-84.5333,13.47,54,31,2.68,US,1712501935
55,antalaha,-14.9003,50.2788,25.94,90,4,3.84,MG,1712502112
56,inyati,-19.6756,28.8469,22.33,67,100,3.53,ZW,1712502113
57,nicoya,10.1483,-85.452,31.6,54,99,4.1,CR,1712502113
58,isafjordur,66.0755,-23.124,-1.98,80,75,10.29,IS,1712502113
59,jamestown,42.097,-79.2353,10.25,46,0,3.09,US,1712502113
60,salekhard,66.53,66.6019,-4.22,95,100,8.49,RU,1712502114
61,northam,51.0333,-4.2167,14.66,92,98,11.8,GB,1712502114
62,balabac,7.9868,117.0645,28.0,75,100,3.63,PH,1712502114
63,mathba,22.2855,89.9629,26.94,88,75,6.93,BD,1712502115
64,fale old settlement,-9.3852,-171.2468,29.16,74,6,2.2,TK,1712502115
65,scarborough,54.2797,-0.4044,14.76,79,5,4.92,GB,1712501971
66,tazacorte,28.629,-17.9293,22.54,72,20,4.63,ES,1712502115
67,rampur,28.8167,79.0333,27.72,9,0,3.16,IN,1712502115
68,san patricio,28.017,-97.5169,24.53,83,100,2.25,US,1712502116
69,ancud,-41.8697,-73.8203,12.04,97,100,1.67,CL,1712502016
70,hithadhoo,-0.6,73.0833,29.16,73,100,1.62,MV,1712501982
71,zouerate,22.7187,-12.4521,30.57,20,0,6.61,MR,1712502116
72,qaqortoq,60.7167,-46.0333,-1.33,96,100,1.85,GL,1712501927
73,terenos,-20.4422,-54.8603,26.84,83,75,4.12,BR,1712502117
74,iqaluit,63.7506,-68.5145,-10.15,66,75,6.71,CA,1712502014
75,muli,2.9167,73.5667,29.48,72,100,1.28,MV,1712502117
76,impfondo,1.6381,18.0667,30.69,52,64,2.04,CG,1712502117
77,ust-nera,64.5667,143.2,-17.17,99,60,1.19,RU,1712502118
78,olonkinbyen,70.9221,-8.7187,-4.83,64,99,8.2,SJ,1712502118
79,estevan,49.1334,-102.9842,5.12,65,20,6.69,CA,1712502026
80,utrik,11.2278,169.8474,26.88,79,100,9.43,MH,1712502118
81,burang,30.25,81.1667,-11.01,72,0,2.23,CN,1712502119
82,hawaiian paradise park,19.5933,-154.9731,18.91,99,90,1.35,US,1712502119
83,rechka-vydrino,51.485,104.8461,-1.49,92,90,2.46,RU,1712502119
84,santana,-0.0583,-51.1817,32.1,62,40,4.63,BR,1712502119
85,tazovsky,67.4667,78.7,-5.63,84,100,10.44,RU,1712501968
86,yellowknife,62.456,-114.3525,0.79,93,75,5.66,CA,1712501961
87,anadyr,64.75,177.4833,-22.72,76,0,4.0,RU,1712502120
88,tyukhtet,56.5389,89.3011,-6.86,86,40,2.93,RU,1712502120
89,luau,-10.7073,22.2247,21.6,86,99,1.34,AO,1712502120
90,novokuybyshevsk,53.0959,49.9462,4.1,82,100,2.64,RU,1712502121
91,mount isa,-20.7333,139.5,18.87,59,57,3.6,AU,1712502071
92,tamanrasset,22.785,5.5228,30.95,8,0,8.23,DZ,1712502085
93,bonga,7.2833,36.2333,23.0,66,87,0.25,ET,1712502121
94,chibougamau,49.9168,-74.3659,5.79,42,0,1.54,CA,1712501970
95,port lincoln,-34.7333,135.8667,14.39,69,38,2.38,AU,1712501966
96,shalqar,47.8333,59.6,15.85,40,95,6.38,KZ,1712502122
97,porto novo,6.4965,2.6036,33.9,58,97,5.57,BJ,1712502033
98,batesville,35.7698,-91.641,18.93,72,100,4.63,US,1712502062
99,saipan,15.1355,145.701,27.39,78,40,7.2,MP,1712501994
100,lihue,21.9789,-159.3672,21.58,86,100,8.23,US,1712501965
101,kirensk,57.7853,108.1119,-5.58,96,71,1.34,RU,1712502123
102,as sulaymaniyah,35.5611,45.4375,20.24,60,100,3.09,IQ,1712502123
103,tucuma,-0.1833,-50.05,29.13,68,98,2.99,BR,1712502093
104,sinabang,2.4803,96.3801,27.15,84,100,1.49,ID,1712502124
105,valky,49.8387,35.6207,17.57,54,98,2.14,UA,1712502124
106,llaillay,-32.85,-70.9667,27.92,24,0,1.16,CL,1712501683
107,hermanus,-34.4187,19.2345,16.56,84,100,13.53,ZA,1712502012
108,east london,-33.0153,27.9116,18.52,100,100,5.66,ZA,1712502125
109,almeirim,-1.5233,-52.5817,30.68,58,100,2.42,BR,1712502078
110,cobija,-11.0267,-68.7692,28.1,89,75,2.57,BO,1712502125
111,holzkirchen,47.8766,11.7018,25.93,32,100,2.05,DE,1712502126
112,lebu,-37.6167,-73.65,15.43,69,100,4.05,CL,1712502095
113,san juan,-31.5375,-68.5364,26.97,47,0,3.75,AR,1712501950
114,constitucion,-35.3333,-72.4167,18.72,54,61,3.6,CL,1712502058
115,chonchi,-42.6128,-73.8092,10.62,96,100,0.53,CL,1712502101
116,guerrero negro,27.9769,-114.0611,16.06,46,2,4.88,MX,1712501986
117,nizhniy kuranakh,58.8353,125.4869,-13.47,98,100,1.32,RU,1712502127
118,haiku-pauwela,20.9219,-156.3051,20.58,85,0,6.26,US,1712501975
119,zhuanghe,39.7008,122.9911,9.1,72,90,1.92,CN,1712502128
120,fisterra,42.9049,-9.2629,15.97,80,92,8.16,ES,1712502128
121,grytviken,-54.2811,-36.5092,5.51,97,100,7.04,GS,1712502128
122,tura,25.5198,90.2201,27.66,48,100,3.47,IN,1712502129
123,nova sintra,14.8667,-24.7167,22.93,78,1,10.54,CV,1712502129
124,whitehorse,60.7161,-135.0538,-4.57,74,75,5.66,CA,1712501984
125,sao francisco,-15.9486,-44.8644,31.11,44,17,2.88,BR,1712501978
126,copala,16.65,-98.9833,28.67,46,0,0.83,MX,1712502129
127,sanctuary point,-35.1114,150.629,19.07,86,10,3.04,AU,1712502130
128,vilyuchinsk,52.9306,158.4028,1.07,73,94,3.03,RU,1712501979
129,betio village,1.358,172.9211,29.02,82,39,7.76,KI,1712502130
130,petoskey,45.3733,-84.9553,11.17,46,0,3.6,US,1712502130
131,brejo santo,-7.4933,-38.9872,30.13,39,67,1.44,BR,1712502026
132,bel ombre,-4.6167,55.4167,27.91,89,40,4.12,SC,1712502094
133,mikashevichy,52.2173,27.476,16.01,58,99,2.5,BY,1712502131
134,callao,-12.0667,-77.15,23.16,83,75,2.06,PE,1712502131
135,papatowai,-46.5619,169.4708,8.93,96,100,2.86,NZ,1712501966
136,manfalut,27.3104,30.97,27.14,14,0,8.56,EG,1712502131
137,cockburn town,21.4612,-71.1419,24.85,79,44,5.05,TC,1712502132
138,carnarvon,-24.8667,113.6333,24.09,74,0,9.83,AU,1712502132
139,lepsy,46.235,78.9456,14.83,50,95,4.48,KZ,1712502132
140,kalmunai,7.4167,81.8167,28.34,77,49,4.14,LK,1712502132
141,uturoa,-16.7333,-151.4333,29.12,76,100,3.76,PF,1712502133
142,bardai,11.65,7.2333,36.31,19,100,2.56,NG,1712502133
143,arraial do cabo,-22.9661,-42.0278,26.92,74,75,1.54,BR,1712501959
144,codrington,-38.2667,141.9667,10.75,92,0,3.61,AU,1712502134
145,oranjemund,-28.55,16.4333,16.95,75,6,5.39,NA,1712501977
146,ponte de sor,39.2496,-8.0101,21.65,49,79,3.4,PT,1712502134
147,ihosy,-22.4,46.1167,25.55,61,70,2.15,MG,1712502134
148,vadso,70.0744,29.7487,-2.51,80,100,5.66,NO,1712502134
149,los alamos,35.8881,-106.307,3.71,36,0,2.57,US,1712502135
150,vengerovo,55.6848,76.7471,-4.12,86,16,2.38,RU,1712502135
151,nemuro,43.3236,145.575,3.77,100,100,4.86,JP,1712502053
152,bac lieu,9.285,105.7244,28.99,71,87,4.59,VN,1712502136
153,prado,-17.3411,-39.2208,29.24,52,19,4.61,BR,1712502136
154,souillac,-20.5167,57.5167,27.21,89,40,0.0,MU,1712502136
155,inarajan village,13.2736,144.7484,27.54,89,40,7.79,GU,1712501963
156,beni,0.5,29.4667,18.61,99,100,0.48,CD,1712502137
157,sake,-1.5736,29.045,20.34,98,100,0.67,CD,1712501936
158,riviere-du-loup,47.8304,-69.5342,1.49,93,12,3.09,CA,1712502137
159,punta arenas,-53.15,-70.9167,7.06,61,20,11.83,CL,1712501395
160,lompoc,34.6391,-120.4579,10.99,63,0,3.6,US,1712502137
161,cambria,35.5641,-121.0808,7.34,91,40,0.45,US,1712502138
162,puerto rico,-26.796,-55.024,22.46,99,100,1.53,AR,1712502138
163,visakhapatnam,17.69,83.2093,29.94,70,2,3.09,IN,1712502009
164,port mathurin,-19.6833,63.4167,27.24,79,40,5.83,MU,1712501991
165,college,64.8569,-147.8028,-3.28,59,100,0.86,US,1712502139
166,booue,-0.0921,11.9385,29.14,76,86,0.97,GA,1712502139
167,bogale,16.2833,95.4,28.91,70,0,4.78,MM,1712502115
168,tofol,5.3248,163.0078,28.39,80,100,8.51,FM,1712502139
169,vila franca do campo,37.7167,-25.4333,18.27,99,90,7.39,PT,1712502140
170,kataba,13.9833,44.3833,20.67,44,79,2.71,YE,1712502140
171,plastun,44.7561,136.2939,4.33,65,38,1.46,RU,1712502140
172,pasni,25.2631,63.471,25.97,67,5,8.25,PK,1712502135
173,kodiak,57.79,-152.4072,0.73,86,100,3.6,US,1712501965
174,argostolion,38.1811,20.489,22.04,64,20,6.17,GR,1712502141
175,maceio,-9.6658,-35.7353,31.69,66,75,4.63,BR,1712501989
176,tafuna,-14.3358,-170.72,29.03,76,59,4.99,AS,1712502142
177,puerto lempira,15.2667,-83.7667,27.08,74,75,4.63,HN,1712502032
178,mejit,10.2753,170.8646,26.79,79,100,9.66,MH,1712502142
179,san jose del guaviare,2.5729,-72.6459,30.43,63,85,1.33,CO,1712502142
180,vernon,50.2581,-119.2691,3.58,71,4,4.63,CA,1712502032
181,merizo village,13.2658,144.6691,26.99,89,32,7.67,GU,1712502143
182,pimentel,-6.8367,-79.9342,25.16,69,0,1.54,PE,1712502143
183,gadzhiyevo,69.2551,33.3362,-4.16,83,100,3.56,RU,1712501981
184,rio casca,-20.2261,-42.6508,26.05,64,6,0.94,BR,1712502144
185,port alfred,-33.5906,26.891,20.38,81,100,12.6,ZA,1712502144
186,simplicio mendes,-7.8539,-41.9103,33.4,43,34,2.0,BR,1712502144
187,st. john's,47.5649,-52.7093,4.6,81,75,8.75,CA,1712501999
188,antsiranana,-12.2787,49.2917,29.42,70,40,5.14,MG,1712502145
189,ostersund,63.1792,14.6357,7.25,81,75,5.14,SE,1712501886
190,saynshand,44.8824,110.1163,10.51,51,100,2.61,MN,1712502145
191,vorkuta,67.5,64.0,-7.16,87,100,6.71,RU,1712502146
192,bonthe,7.5264,-12.505,30.79,63,79,4.62,SL,1712501973
193,malango,-2.9627,119.9001,20.45,99,100,0.88,ID,1712502146
194,peniche,39.3558,-9.3811,18.38,84,100,5.49,PT,1712502146
195,san luis de la loma,17.2706,-100.8939,29.72,41,0,1.83,MX,1712502147
196,dudinka,69.4058,86.1778,-7.4,94,100,9.39,RU,1712502147
197,mount pearl,47.5166,-52.7813,4.14,81,75,8.75,CA,1712501905
198,itoman,26.1247,127.6694,22.43,96,100,3.6,JP,1712502147
199,miri,4.4148,114.0089,28.08,89,40,1.54,MY,1712502072
200,koryazhma,61.3143,47.1691,2.17,74,99,2.8,RU,1712502097
201,palikir - national government center,6.9248,158.1611,27.67,78,98,7.29,FM,1712501994
202,arteche,12.2645,125.4048,24.23,84,13,1.52,PH,1712502148
203,bilibino,68.0546,166.4372,-18.53,100,100,1.1,RU,1712501976
204,juegang,32.3174,121.1855,9.03,90,100,4.21,CN,1712502063
205,tomatlan,19.9333,-105.25,27.15,32,96,0.78,MX,1712502149
206,sur,22.5667,59.5289,29.26,42,0,3.95,OM,1712502000
207,ozalp,38.6548,43.993,7.01,79,96,4.0,TR,1712502149
208,kapa'a,22.0752,-159.319,21.99,90,100,8.23,US,1712502150
209,pisco,-13.7,-76.2167,23.9,78,98,2.57,PE,1712502150
210,nhamunda,-2.1861,-56.7131,30.87,62,78,2.62,BR,1712502150
211,zelenoborskiy,66.845,32.3622,-3.24,90,100,3.1,RU,1712502150
212,labrador city,52.9463,-66.9114,-1.05,59,20,3.09,CA,1712502007
213,berdigestyakh,62.0989,126.6992,-18.61,100,95,1.51,RU,1712502097
214,daru,-9.0763,143.2092,27.72,83,99,2.43,PG,1712502151
215,hwange,-18.3693,26.5019,28.42,53,100,3.85,ZW,1712502151
216,lae,-6.7221,146.9847,24.2,89,100,2.72,PG,1712502151
217,sitka,57.0531,-135.33,5.94,61,100,7.2,US,1712501967
218,wailua homesteads,22.0669,-159.378,21.24,90,100,8.23,US,1712501989
219,taganrog,47.2362,38.8969,18.36,49,42,1.19,RU,1712502152
220,ceelbuur,4.685,46.6176,35.54,26,12,5.27,SO,1712502152
221,anloga,5.7947,0.8973,30.86,71,51,7.15,GH,1712502152
222,kili,5.6439,169.1211,27.77,82,79,10.16,MH,1712502153
223,bereket,39.2446,55.5154,24.14,23,100,3.44,TM,1712502153
224,badger,64.8,-147.5333,-3.33,85,100,1.11,US,1712502153
225,caieiras,-23.3642,-46.7406,27.73,60,75,4.12,BR,1712502036
226,san agustin de valle fertil,-30.6335,-67.4682,27.94,31,0,4.85,AR,1712502153
227,zhalantun,48.0,122.7167,-5.88,43,0,5.78,CN,1712502154
228,bay harbor,30.1471,-85.6146,21.63,67,43,2.68,US,1712502154
229,illapel,-31.6308,-71.1653,22.35,37,0,2.03,CL,1712502097
230,hadibu,12.65,54.0333,27.91,70,3,3.52,YE,1712501975
231,toamasina,-18.1667,49.3833,28.0,83,40,1.54,MG,1712502155
232,westport,41.1415,-73.3579,10.01,52,100,3.6,US,1712502146
233,nogliki,51.8333,143.1667,-0.37,80,0,2.24,RU,1712501998
234,monrovia,6.3005,-10.7969,33.87,73,99,3.55,LR,1712502096
235,gebeit,21.0667,36.3167,30.86,15,0,3.69,SD,1712502155
236,ghat,24.9647,10.1728,33.67,8,0,5.33,LY,1712502009
237,rahachow,53.0934,30.0495,13.62,66,100,2.52,BY,1712502156
238,susuman,62.7833,148.1667,-20.57,100,82,0.89,RU,1712502156
239,amga,60.8953,131.9608,-10.13,98,100,1.43,RU,1712502156
240,crane,31.3974,-102.3501,13.91,15,86,2.84,US,1712502157
241,baruun-urt,46.6806,113.2792,1.13,38,0,6.12,MN,1712502157
242,bredasdorp,-34.5322,20.0403,17.47,82,100,12.78,ZA,1712501965
243,deqen,29.9618,90.7188,3.13,13,41,4.33,CN,1712502147
244,gizo,-8.103,156.8419,26.85,85,100,7.17,SB,1712502158
245,suva,-18.1416,178.4415,25.11,87,82,3.69,FJ,1712502022
246,yeppoon,-23.1333,150.7333,22.88,89,96,2.42,AU,1712502158
247,dryden,49.7833,-92.7503,5.16,36,20,4.63,CA,1712502041
248,ust'-ordynskiy,52.805,104.7508,4.07,90,97,2.06,RU,1712502158
249,calvi,42.5,8.8333,18.35,49,0,3.6,FR,1712502159
250,lefkada,38.8275,20.7019,19.95,77,40,5.66,GR,1712502159
251,pizarro,4.9533,-77.366,28.6,80,94,1.91,CO,1712502159
252,dolores,-36.3132,-57.6792,24.16,48,0,4.36,AR,1712502159
253,mount gambier,-37.8333,140.7667,10.0,97,2,2.01,AU,1712502124
254,homer,59.6425,-151.5483,1.0,73,100,1.34,US,1712502012
255,vorgashor,67.5833,63.95,-7.33,87,100,6.28,RU,1712502160
256,alice springs,-23.7,133.8833,12.75,71,69,0.0,AU,1712501986
257,magong,23.5654,119.5863,22.28,99,99,5.14,TW,1712502135
258,ongjin,37.9347,125.3619,10.38,65,80,0.63,KP,1712502161
259,turkmenbasy,40.0222,52.9552,20.43,34,0,8.23,TM,1712502161
260,bihac,44.8169,15.8708,25.73,47,8,1.48,BA,1712501956
261,santa cruz,-17.8,-63.1667,29.03,74,75,7.2,BO,1712502068
262,kingston,17.997,-76.7936,33.98,61,20,1.54,JM,1712502055
263,laojunmiao,39.8333,97.7333,6.14,36,16,2.06,CN,1712502162
264,popondetta,-8.7537,148.2534,24.26,98,100,0.98,PG,1712501990
265,cabedelo,-6.9811,-34.8339,31.37,66,41,5.12,BR,1712502163
266,nadym,65.5333,72.5167,-4.46,80,100,13.5,RU,1712502163
267,ecoporanga,-18.3733,-40.8306,28.21,50,11,3.08,BR,1712502163
268,ormara,25.2088,64.6357,25.47,82,3,5.67,PK,1712502163
269,belmonte,-15.8631,-38.8828,29.03,53,0,5.27,BR,1712502163
270,keflavik,64.0049,-22.5624,2.95,60,75,13.89,IS,1712501984
271,bovril,-31.3431,-59.4451,21.62,82,64,4.25,AR,1712502164
272,letlhakeng,-24.0944,25.0298,25.07,48,100,8.67,BW,1712502105
273,bukama,-9.2,25.85,23.28,94,99,0.65,CD,1712502164
274,launceston,-41.45,147.1667,11.75,93,100,0.0,AU,1712501936
275,san julian,21.0167,-102.1667,19.75,31,30,2.06,MX,1712502165
276,kingscliff,-28.2667,153.5667,23.2,94,100,2.06,AU,1712502133
277,saint augustine beach,29.8505,-81.2654,21.72,52,0,3.6,US,1712502165
278,dzhangala,49.2167,50.3333,11.07,60,88,4.52,KZ,1712502165
279,cannonvale,-20.2833,148.7,25.66,91,3,4.13,AU,1712502091
280,farim,12.4839,-15.2217,43.35,10,82,1.3,GW,1712502166
281,hohhot,40.8106,111.6522,14.16,21,0,3.0,CN,1712502058
282,tolanaro,-25.0319,46.9987,27.04,83,40,2.06,MG,1712501968
283,xining,36.6167,101.7667,8.79,62,79,2.71,CN,1712502166
284,raduzhny,62.0961,77.475,-6.51,81,55,5.6,RU,1712502167
285,loango,-4.6719,11.8312,30.81,74,40,3.09,CG,1712502167
286,rio grande,-32.035,-52.0986,24.06,91,100,7.72,BR,1712502123
287,kohtla-jarve,59.3986,27.2731,9.7,80,100,8.42,EE,1712502167
288,rikaze,29.25,88.8833,5.54,12,0,2.94,CN,1712502001
289,mar del plata,-38.0023,-57.5575,25.61,60,0,5.66,AR,1712502006
290,upata,8.0086,-62.3989,29.55,40,93,4.19,VE,1712502168
291,yefremov,53.1481,38.0992,14.82,65,84,2.63,RU,1712502009
292,xinqing,48.2333,129.5,-6.7,74,100,5.91,CN,1712502168
293,georgetown,5.4112,100.3354,30.96,65,20,2.06,MY,1712501992
294,smithers,54.7804,-127.1743,-0.82,69,100,3.09,CA,1712501964
295,qamdo,31.1667,97.2333,0.04,76,86,3.44,CN,1712502117
296,novovarshavka,54.1721,74.6946,0.01,66,100,4.44,RU,1712502169
297,timbuktu,16.7735,-3.0074,41.69,6,78,2.07,ML,1712502169
298,coquimbo,-29.9533,-71.3436,13.85,100,100,1.03,CL,1712501435
299,ribeira brava,32.65,-17.0667,21.51,65,20,5.37,PT,1712502170
300,paita,-5.0892,-81.1144,24.0,70,72,3.98,PE,1712502106
301,bykovo,55.6361,38.0803,14.23,67,0,4.0,RU,1712502171
302,kirksville,40.1948,-92.5833,13.09,71,20,7.72,US,1712502011
303,aral,40.5156,81.2636,15.44,33,6,4.29,CN,1712502171
304,igbo-ukwu,6.0167,7.0265,35.17,36,82,2.36,NG,1712502171
305,shakhtinsk,49.71,72.5872,10.33,71,100,3.79,KZ,1712502171
306,la pesa,7.4954,-72.3818,17.06,51,88,2.72,VE,1712502172
307,conduaga,8.862,117.4893,25.73,78,83,1.06,PH,1712502172
308,minas de marcona,-15.2119,-75.1103,20.71,68,78,5.51,PE,1712501980
309,brisas de zicatela,15.8369,-97.0419,29.19,55,0,2.79,MX,1712501996
310,saint-philippe,-21.3585,55.7679,26.77,84,27,2.2,RE,1712501969
311,tangalle,6.024,80.7911,28.09,79,81,1.83,LK,1712501971
312,kermit,31.8576,-103.0927,12.91,16,0,4.12,US,1712502173
313,sawakin,19.1059,37.3321,28.28,69,47,5.77,SD,1712502173
314,yaren,-0.5472,166.916,27.86,82,100,5.4,NR,1712502173
315,khammam,17.25,80.15,32.69,30,47,5.26,IN,1712502174
316,praia da vitoria,38.7333,-27.0667,21.14,64,20,4.95,PT,1712502174
317,borogontsy,62.6683,131.1683,-14.59,100,98,1.79,RU,1712502098
318,tsiombe,-25.3,45.4833,23.68,86,74,4.58,MG,1712501971
319,tagta,41.6504,59.9164,22.97,28,0,3.09,TM,1712502175
320,lata,40.1629,-8.3327,19.95,54,100,4.88,PT,1712502176
321,bamboo flat,11.7,92.7167,29.05,79,20,1.03,IN,1712501968
322,tadine,-21.55,167.8833,23.15,84,97,4.4,NC,1712502127
323,kiunga,-6.1219,141.2906,24.01,100,100,1.16,PG,1712502177
324,enewetak,11.3474,162.3373,27.3,76,81,9.53,MH,1712502177
325,puerto aysen,-45.4,-72.7,10.44,79,31,2.46,CL,1712501993
326,jepelacio,-6.1167,-76.95,23.83,66,90,1.51,PE,1712501958
327,broken hill,-31.95,141.4333,15.98,46,73,3.06,AU,1712501959
328,alamosa,37.4695,-105.87,-1.01,37,0,1.54,US,1712502178
329,dunedin,-45.8742,170.5036,10.45,99,90,0.89,NZ,1712501893
330,esqueda,30.7167,-109.5833,9.57,25,0,1.53,MX,1712502179
331,saint-pierre,-21.3393,55.4781,26.82,83,20,4.12,RE,1712502179
332,quezon,7.7303,125.0989,20.48,84,9,2.61,PH,1712502180
333,qarauyl,48.9451,79.255,9.68,75,93,4.51,KZ,1712502180
334,kiamba,5.9894,124.6242,26.95,76,15,2.1,PH,1712502180
335,korla,41.7597,86.1469,16.18,26,83,1.29,CN,1712502030
336,piti village,13.4626,144.6933,27.16,83,13,7.04,GU,1712502181
337,ulsteinvik,62.3432,5.8487,10.5,72,100,7.15,NO,1712502181
338,zarghun shahr,32.8473,68.4457,15.69,22,0,2.14,AF,1712502182
339,stephenville,32.2207,-98.2023,18.85,20,0,4.63,US,1712502007
340,encarnacion,-27.3333,-55.9,25.02,78,75,4.12,PY,1712502024
341,pernio,60.2,23.1333,5.29,96,100,5.86,FI,1712502184
342,port-vila,-17.7338,168.3219,21.78,100,40,1.03,VU,1712502177
343,hasaki,35.7333,140.8333,17.38,93,91,3.43,JP,1712501981
344,emerald,-23.5333,148.1667,20.19,91,1,4.74,AU,1712502185
345,luanda,-8.8368,13.2343,33.0,79,75,4.12,AO,1712502124
346,maragogi,-9.0122,-35.2225,29.99,66,96,4.34,BR,1712502103
347,castro del rio,37.6912,-4.4806,26.63,51,63,2.61,ES,1712502186
348,tshabong,-26.05,22.45,27.89,40,7,11.59,BW,1712502186
349,kupjansk,49.7209,37.5998,17.93,48,92,2.79,UA,1712502186
350,ziro,27.6333,93.8333,12.3,86,100,1.17,IN,1712502005
351,cabo san lucas,22.8909,-109.9124,21.53,69,100,1.34,MX,1712501798
352,al abyar,32.19,20.5965,19.66,43,4,8.53,LY,1712502187
353,perelyub,51.8667,50.3667,7.25,84,100,2.8,RU,1712502188
354,la cruz,23.9167,-106.9,21.82,38,100,1.23,MX,1712502188
355,bantogon,6.5333,124.0333,27.96,82,20,1.2,PH,1712502188
356,mugia,43.1041,-9.2179,17.17,78,96,8.41,ES,1712501959
357,coron,11.9986,120.2043,25.65,87,56,2.29,PH,1712502189
358,utete,-7.986,38.758,25.93,95,98,2.13,TZ,1712502189
359,sola,-13.8833,167.55,27.58,81,100,7.84,VU,1712502190
360,kharan,28.5833,65.4167,28.49,8,0,3.82,PK,1712502190
361,owase,34.0667,136.2,13.81,89,100,1.14,JP,1712502190
362,aras-asan,8.8908,126.3033,24.92,81,38,1.18,PH,1712502190
363,colares,38.7992,-9.4469,19.55,80,20,5.81,PT,1712502105
364,brookings,44.3114,-96.7984,6.77,88,100,9.26,US,1712501976
365,kish,26.5578,54.0194,27.15,39,0,4.12,IR,1712502191
366,aykhal,66.0,111.5,-12.75,94,100,7.48,RU,1712502191
367,senador jose porfirio,-2.5908,-51.9542,26.92,80,100,1.26,BR,1712502192
368,mossel bay,-34.1831,22.146,15.96,90,100,15.16,ZA,1712502192
369,lionel town,17.8101,-77.2406,33.83,55,0,3.69,JM,1712502192
370,krasnyy kut,50.95,46.9667,11.79,53,97,3.15,RU,1712502192
371,bodo,67.28,14.405,2.1,88,75,13.38,NO,1712502130
372,eagle river,45.9172,-89.2443,9.44,36,0,5.14,US,1712501948
373,santo antonio,-6.3106,-35.4789,32.64,50,62,3.77,BR,1712502050
374,brak,27.5496,14.2714,30.35,6,0,3.59,LY,1712502060
375,ponnani,10.767,75.9252,29.62,78,78,2.46,IN,1712502194
376,badagry,6.4167,2.8833,31.79,65,95,5.23,NG,1712502194
377,cape canaveral,28.4058,-80.6048,23.9,53,0,3.6,US,1712502194
378,murghob,38.1702,73.9667,-8.52,49,0,3.99,TJ,1712502194
379,humaita,-7.5061,-63.0208,25.43,93,100,1.04,BR,1712502195
380,chibuto,-24.6867,33.5306,22.32,82,100,5.81,MZ,1712502195
381,smirnykh,49.75,142.8333,-0.19,59,39,4.21,RU,1712502195
382,pandan,14.0453,124.1694,25.26,82,59,3.89,PH,1712502195
383,road town,18.4167,-64.6167,29.02,74,20,2.57,VG,1712501962
384,arno,60.1167,18.6333,7.66,78,46,8.44,SE,1712502196
385,greymouth,-42.4667,171.2,8.99,93,21,2.35,NZ,1712502196
386,kibre mengist,5.8833,38.9833,21.16,68,100,1.58,ET,1712502196
387,banda aceh,5.5577,95.3222,27.63,80,50,3.01,ID,1712501971
388,alto barinas,8.5931,-70.2261,31.99,45,100,3.75,VE,1712502196
389,ghanzi,-21.5667,21.7833,29.03,35,100,3.79,BW,1712502196
390,hirara,24.8,125.2833,23.15,94,75,2.57,JP,1712502197
391,recreo,-29.2818,-65.061,21.61,72,98,5.13,AR,1712502197
392,mata-utu,-13.2816,-176.1745,29.14,75,29,2.89,WF,1712501983
393,cadale,2.7603,46.3222,29.66,71,79,5.45,SO,1712502089
394,kharabali,47.4196,47.2568,14.5,48,5,4.6,RU,1712502198
395,taroa,8.7058,171.2275,27.11,81,100,9.78,MH,1712502198
396,leava,-14.3,-178.1667,28.72,77,46,4.6,WF,1712502118
397,bikenibeu village,1.3673,173.1241,28.98,84,20,6.69,KI,1712502199
398,hawkesbury,45.6001,-74.616,8.92,57,3,2.69,CA,1712502199
399,grevena,40.0845,21.4274,21.56,48,25,4.84,GR,1712502199
400,dunda,-8.1167,34.25,23.08,87,90,0.49,TZ,1712502200
401,lospalos,-8.5186,127.0025,23.15,93,35,1.15,TL,1712502200
402,levuka,50.1834,-105.4011,1.9,61,100,1.5,CA,1712502200
403,isangel,-19.55,169.2667,24.08,83,100,2.74,VU,1712502200
404,fortuna,40.5982,-124.1573,6.66,97,20,0.0,US,1712501998
405,harper,4.375,-7.7169,30.85,67,36,2.99,LR,1712502201
406,sarnico,45.6734,9.9625,23.37,51,99,2.04,IT,1712502201
407,fort stockton,30.894,-102.8793,15.09,17,99,4.73,US,1712502166
408,nuuk,64.1835,-51.7216,-2.29,79,37,4.02,GL,1712501994
409,acajutla,13.5928,-89.8275,30.33,63,98,2.32,SV,1712502039
410,frankfurt (oder),52.3471,14.5506,24.71,42,100,1.34,DE,1712502202
411,alesund,62.4723,6.1549,11.51,66,75,7.2,NO,1712502202
412,gazli,40.1333,63.45,22.07,26,79,4.44,UZ,1712502202
413,tucurui,-3.7661,-49.6725,27.55,80,100,1.18,BR,1712502203
414,kuanda,56.3161,116.0806,-17.19,81,8,1.04,RU,1712502203
415,villa gesell,-37.2639,-56.973,22.43,58,4,5.71,AR,1712502016
416,shaowu,27.3409,117.4831,16.51,99,100,1.24,CN,1712502203
417,puerto leguizamo,-0.1934,-74.7819,29.58,63,74,0.91,CO,1712502204
418,geraldton,-28.7667,114.6,20.23,88,12,2.06,AU,1712502159
419,ekibastuz,51.6667,75.3667,5.19,70,84,2.53,KZ,1712502042
420,nieuw amsterdam,5.8833,-55.0833,33.01,52,40,4.12,SR,1712502204
421,sisimiut,66.9395,-53.6735,-2.94,78,99,3.52,GL,1712501975
422,grande prairie,55.1667,-118.8027,0.1,80,20,2.06,CA,1712501961
423,qaisumah,28.3112,46.1273,29.98,37,0,11.32,SA,1712502136
424,bilbays,30.4204,31.5622,25.46,23,4,8.6,EG,1712502011
425,twon-brass,4.3151,6.2418,29.8,75,75,5.07,NG,1712502206
426,qarazhal,48.0078,70.7903,13.76,40,99,3.35,KZ,1712502207
427,karaidel',55.8337,56.9069,3.77,97,100,3.23,RU,1712502207
428,kashgar,39.4547,75.9797,18.56,6,20,9.0,CN,1712501996
429,pacific grove,36.6177,-121.9166,8.57,88,1,0.45,US,1712502053
430,shymkent,42.3,69.6,15.33,67,0,1.0,KZ,1712501984
431,slave lake,55.2834,-114.769,-3.01,93,20,2.06,CA,1712502095
432,shahrud,36.4182,54.9763,17.68,38,100,5.78,IR,1712502208
433,alofi,-19.0595,-169.9187,23.94,94,100,5.14,NU,1712501990
434,kerikeri,-35.2268,173.9474,13.79,81,53,1.85,NZ,1712502209
435,bichura,50.5881,107.6022,3.24,68,19,1.25,RU,1712502209
436,kamaishi,39.2667,141.8833,11.09,92,71,2.43,JP,1712502073
437,sandnessjoen,66.0217,12.6316,9.06,81,75,6.17,NO,1712501986
438,chhor,25.5167,69.7667,31.88,10,0,0.93,PK,1712502209
439,colonia,50.9333,6.95,24.42,45,0,2.57,DE,1712502008
440,arish,31.1316,33.7984,23.1,53,0,4.63,EG,1712502210
441,tromso,69.6496,18.957,0.01,59,75,6.69,NO,1712502210
442,natal,-5.795,-35.2094,32.36,58,40,5.66,BR,1712501910
443,klyuchi,52.2667,79.1667,3.12,78,100,4.71,RU,1712502135
444,weno,7.4515,151.8468,27.78,79,98,7.53,FM,1712501994
445,khandyga,62.6667,135.6,-8.04,98,100,1.46,RU,1712502211
446,iwanai,42.9744,140.5089,6.6,73,3,3.2,JP,1712502211
447,cole harbour,44.6724,-63.4751,5.55,81,100,3.58,CA,1712502211
448,nuku'alofa,-21.1333,-175.2,25.54,80,95,9.73,TO,1712502010
449,penonome,8.5167,-80.3667,28.15,54,46,6.31,PA,1712502055
450,alo,7.4178,6.7371,39.55,29,7,1.67,NG,1712502212
451,mohr,54.3528,9.7167,20.08,61,2,6.69,DE,1712502212
452,saint-denis,48.9167,2.3333,20.13,68,0,2.06,FR,1712502212
453,palmer,42.1584,-72.3287,6.8,56,100,8.75,US,1712502213
454,baidoa,3.1138,43.6498,30.42,54,87,3.26,SO,1712502213
455,iquique,-20.2208,-70.1431,23.02,73,81,1.71,CL,1712502097
456,acapulco de juarez,16.8634,-99.8901,26.07,51,0,1.38,MX,1712501984
457,pariaman,-0.619,100.12,27.03,86,100,1.48,ID,1712502213
458,argo,37.6333,22.7333,21.61,48,35,7.05,GR,1712502214
459,kuala tungkal,-0.8167,103.4667,26.4,87,96,0.86,ID,1712502095
460,calilegua,-23.7737,-64.77,25.08,81,51,1.87,AR,1712502214
461,huangshan,29.7114,118.3125,14.54,97,100,0.62,CN,1712502214
462,chuguyevka,44.1653,133.8633,6.05,64,72,2.76,RU,1712502214
463,al ghayzah,16.2079,52.176,27.8,63,51,5.94,YE,1712502215
464,mwene-ditu,-7.0,23.45,20.19,96,100,1.31,CD,1712502215
465,prince george,53.9166,-122.753,1.25,86,75,3.6,CA,1712502215
466,sao jose da coroa grande,-8.8978,-35.1478,29.78,67,88,3.89,BR,1712502215
467,caleta de carquin,-11.0925,-77.6267,23.25,83,100,3.57,PE,1712502216
468,sao vicente,-23.9631,-46.3919,29.59,57,75,4.12,BR,1712502002
469,egilsstadir,65.2653,-14.3948,-0.05,93,75,11.83,IS,1712502216
470,coahuayana de hidalgo,18.7,-103.6583,29.16,27,99,0.39,MX,1712502216
471,rozhyshche,50.9154,25.2691,20.63,50,82,2.69,UA,1712502216
472,bathsheba,13.2167,-59.5167,30.34,66,20,7.72,BB,1712502074
473,kapuskasing,49.4169,-82.4331,2.05,69,0,1.03,CA,1712502013
474,ladario,-19.0047,-57.6017,31.16,74,40,2.57,BR,1712502217
475,scottburgh,-30.2867,30.7532,20.2,84,100,5.66,ZA,1712502218
476,pangody,65.85,74.4859,-5.15,78,100,12.48,RU,1712501970
477,nova xavantina,-14.6667,-52.35,29.8,65,15,1.67,BR,1712502036
478,quthing,-30.4,27.7003,19.45,56,100,3.09,LS,1712502218
479,midvagur,62.0511,-7.1939,7.46,93,100,11.32,FO,1712502076
480,bubaque,11.2833,-15.8333,25.78,60,88,5.07,GW,1712501975
481,tejen,37.3834,60.5054,24.4,16,97,3.49,TM,1712502219
482,dire,12.2833,-10.9667,41.44,11,74,3.18,ML,1712502219
483,mincivan,39.0294,46.7185,12.33,70,99,2.42,AZ,1712502219
484,yantarnyy,54.8717,19.9381,22.92,90,100,6.35,RU,1712502219
485,baldivis,-32.3299,115.8218,23.4,56,0,4.47,AU,1712502220
486,beyneu,45.3167,55.2,15.88,30,34,6.8,KZ,1712502119
487,shagonar,51.5333,92.8,6.77,80,100,0.72,RU,1712502220
488,sainte-marie,-20.8968,55.5496,27.09,85,40,4.63,RE,1712501959
489,christchurch,-43.5333,172.6333,13.84,84,100,3.09,NZ,1712502019
490,massawa,15.6097,39.45,31.14,64,34,5.46,ER,1712502076
491,castillos,-34.1667,-53.8333,21.52,57,81,2.96,UY,1712502184
492,chernyshevskiy,63.0128,112.4714,-3.96,96,100,4.13,RU,1712502221
493,farroupilha,-29.225,-51.3478,18.38,93,75,5.14,BR,1712502064
494,manjakandriana,-18.9167,47.8,21.83,74,45,2.52,MG,1712502221
495,kirakira,-10.4544,161.9205,26.97,88,100,2.59,SB,1712502222
496,talcahuano,-36.7167,-73.1167,13.82,77,0,3.09,CL,1712502222
497,karratha,-20.7377,116.8463,27.42,46,60,3.64,AU,1712501997
498,horta,38.5333,-28.6333,18.34,86,40,9.83,PT,1712502222
499,mil'kovo,55.6078,37.7956,14.27,84,75,0.89,RU,1712502223
500,abashiri,44.0213,144.2697,5.69,95,1,4.07,JP,1712502065
501,sechura,-5.5569,-80.8222,25.56,63,79,3.5,PE,1712502223
502,hanceville,34.0607,-86.7675,18.34,46,76,3.52,US,1712502223
503,keningau,5.3378,116.1602,22.37,100,100,0.56,MY,1712502224
504,turpan,42.9333,89.1667,17.99,19,13,0.45,CN,1712502224
505,mumford,5.2618,-0.759,30.04,71,98,6.33,GH,1712502224
506,jaciara,-15.9653,-54.9683,28.87,74,43,2.68,BR,1712502224
507,barcelos,41.5388,-8.6151,18.84,68,89,3.78,PT,1712502224
508,brokopondo,4.75,-55.1667,29.85,57,35,0.55,SR,1712502225
509,la tuque,47.4334,-72.7824,4.14,60,7,1.03,CA,1712502225
510,arkhangel'sk,64.5401,40.5433,-0.94,64,75,2.0,RU,1712502022
511,redkino,56.6475,36.2967,9.02,83,100,1.96,RU,1712502225
512,atafu village,-8.5421,-172.5159,29.23,74,97,2.18,TK,1712502226
513,zadar,44.1197,15.2422,21.34,56,0,6.69,HR,1712502226
514,wakkanai,45.4094,141.6739,4.33,95,2,3.75,JP,1712502058
515,hammerfest,70.6634,23.6821,-1.75,64,40,6.69,NO,1712502092
516,aragarcas,-15.8975,-52.2508,31.36,70,75,3.09,BR,1712502226
517,troitsko-pechorsk,62.7084,56.1964,-0.17,98,93,4.02,RU,1712502227
518,kone,-21.0595,164.8658,22.06,86,49,2.64,NC,1712501987
519,walvis bay,-22.9575,14.5053,18.38,64,1,9.84,NA,1712501984
520,marabba,12.35,32.1833,38.74,9,99,4.63,SD,1712502227
521,balnearia,-31.0088,-62.6673,20.45,70,64,2.51,AR,1712502227
522,dubbo,-32.25,148.6167,13.07,94,100,0.0,AU,1712502069
523,awjilah,29.1081,21.2869,26.96,17,0,7.22,LY,1712502228
524,springs,-26.25,28.4,19.76,82,100,6.23,ZA,1712502228
525,biguacu,-27.4942,-48.6556,25.4,88,100,1.68,BR,1712502124
526,carutapera,-1.195,-46.02,24.67,95,100,1.59,BR,1712502229
527,whistler,50.1164,-122.9695,2.57,93,100,2.06,CA,1712502080
528,hilo,19.7297,-155.09,19.79,68,65,1.04,US,1712502155
529,ghadamis,30.1337,9.5007,32.8,6,0,2.94,LY,1712502120
530,imbituba,-28.24,-48.6703,24.36,75,100,6.77,BR,1712501976
531,tabou,4.423,-7.3528,30.8,67,84,3.73,CI,1712502124
532,afaahiti,-17.75,-149.2833,24.93,84,100,5.14,PF,1712502230
533,bengkulu,-3.8004,102.2655,26.16,88,100,1.4,ID,1712501986
534,new norfolk,-42.7826,147.0587,13.17,97,70,1.12,AU,1712502013
535,branson,36.6437,-93.2185,20.75,45,75,8.05,US,1712502007
536,al manshah,26.4769,31.8035,24.14,27,0,9.26,EG,1712502058
537,yerkoy,39.6381,34.4672,12.8,45,100,8.72,TR,1712502231
538,altos del rosario,8.7944,-74.1658,35.0,51,100,0.3,CO,1712502231
539,zaragoza,41.6561,-0.8773,24.33,40,0,3.09,ES,1712502029
540,le port,-20.9373,55.2919,27.0,83,26,1.22,RE,1712502232
541,salalah,17.0151,54.0924,27.4,61,93,2.49,OM,1712502025
542,ketchikan,55.3422,-131.6461,3.52,97,100,7.34,US,1712502232
543,tongouson,5.0214,120.1328,27.5,81,100,2.19,PH,1712502232
544,chegdomyn,51.1167,133.0167,-10.59,88,100,1.09,RU,1712502233
545,quellon,-43.1167,-73.6167,10.68,81,99,1.96,CL,1712502233
546,clarkston heights-vineland,46.3874,-117.083,7.89,75,100,0.0,US,1712502233
547,katsuura,35.1333,140.3,16.47,94,100,1.98,JP,1712501963
548,pont rouge,48.8833,-72.0825,4.06,52,7,2.97,CA,1712502234
549,fort st. john,56.2499,-120.8529,1.94,55,20,7.2,CA,1712502027
550,whitby,54.4877,-0.615,12.95,68,8,10.77,GB,1712502234
551,thunder bay,48.4001,-89.3168,4.99,56,0,6.17,CA,1712502214
552,independence,39.0911,-94.4155,15.88,55,0,7.72,US,1712502000
553,talara,-4.5772,-81.2719,27.42,61,0,8.75,PE,1712502107
554,djibo,14.1022,-1.6306,41.65,9,100,3.62,BF,1712502235
555,pressbaum,48.176,16.0477,28.09,40,75,4.12,AT,1712502235
556,nantucket,41.2835,-70.0995,5.08,84,100,9.77,US,1712502236
557,rongelap,11.1635,166.8941,27.0,75,85,9.17,MH,1712502236
558,rio claro,-22.4114,-47.5614,25.78,84,85,2.96,BR,1712502133
559,tralee,52.2704,-9.7026,12.14,62,40,10.29,IE,1712502236
560,namdrik,5.5994,168.1028,27.81,82,97,10.28,MH,1712502237
561,sinop,41.7711,34.8709,8.75,68,67,3.06,TR,1712502237
562,kuala terengganu,5.3302,103.1408,29.97,84,20,0.51,MY,1712502237
563,roma,43.2128,-75.4557,9.73,47,0,5.66,US,1712502144
564,opuwo,-18.0607,13.84,32.13,30,81,5.94,NA,1712502237
565,guanica,17.9716,-66.908,33.06,66,2,5.67,PR,1712502238
566,xylofagou,34.9772,33.8492,21.94,73,29,6.09,CY,1712502238
567,chulakkurgan,43.765,69.1814,15.27,39,17,2.16,KZ,1712502238
568,kruisfontein,-34.0033,24.7314,18.13,80,98,9.25,ZA,1712502105
569,ust'-kulom,61.6864,53.6902,-0.54,92,95,2.4,RU,1712502239
570,guane,22.2025,-84.0875,26.04,40,2,3.69,CU,1712502239
